epoch,train_loss,train_acc,val_loss,val_acc,test_loss,test_acc,lr
0,0.6942273559055262,55.444250871080136,0.6644892088212203,64.45993031358886,0.6019874939935133,79.96515679442508,0.001
1,0.6386261663370432,67.20383275261324,0.6379790277015872,65.6794425087108,0.501122824821738,82.40418118466899,0.0009999901304280686
2,0.6191717014495504,68.03135888501743,0.6201391058101056,67.07317073170732,0.5058716537645054,79.61672473867596,0.0009999605221019082
3,0.6105392631338034,68.8588850174216,0.642697283407537,65.15679442508711,0.5133211532743965,78.57142857142857,0.0009999111761904045
4,0.6053522144045148,68.94599303135888,0.620468749194195,69.33797909407666,0.47068995777322853,83.27526132404181,0.00099984209464165
5,0.601775250576099,68.8588850174216,0.618048721904954,68.81533101045297,0.4752454500165135,83.10104529616724,0.0009997532801828658
6,0.6053392997186774,69.46864111498257,0.6235441289296965,66.72473867595819,0.4783302857070019,79.44250871080139,0.0009996447363202945
7,0.6017028234561561,68.81533101045297,0.622228771759658,66.89895470383276,0.5018258673181102,78.397212543554,0.0009995164673390624
8,0.5941965515605249,69.68641114982579,0.623279770699943,67.42160278745645,0.48010377186100656,79.26829268292683,0.0009993684783030088
9,0.593894406478164,69.86062717770035,0.6333533758070411,67.59581881533101,0.4969852852281378,78.04878048780488,0.0009992007750544876
10,0.589057839705969,70.86236933797909,0.6157970463772684,67.77003484320558,0.4655404401365473,81.88153310104529,0.0009990133642141358
11,0.5860881120070348,71.0801393728223,0.6139491289750209,68.98954703832753,0.4710268957689664,82.05574912891986,0.0009988062531806126
12,0.5847249973941763,70.90592334494774,0.7105903068901355,67.24738675958189,0.5271010064497227,80.31358885017421,0.000998579450130307
13,0.5916338997020123,70.20905923344948,0.6098724364819011,67.42160278745645,0.4681307388930371,81.70731707317073,0.0009983329640170149
14,0.5840657322248931,71.51567944250871,0.6068075077043593,68.6411149825784,0.4873032358049931,80.48780487804878,0.0009980668045715864
15,0.575707489189786,72.2560975609756,0.6097397100219328,68.46689895470384,0.4845997910258662,80.66202090592334,0.0009977809823015402
16,0.5762081306155135,71.68989547038328,0.6279406530931851,68.81533101045297,0.45805178795542034,81.53310104529616,0.0009974755084906502
17,0.5720416199454863,72.0383275261324,0.6122191766413246,69.1637630662021,0.4495714109533755,82.57839721254355,0.0009971503951984996
18,0.5692653857457097,72.86585365853658,0.6123559830080757,68.81533101045297,0.5148663508352087,78.9198606271777,0.0009968056552600044
19,0.5644753475637801,73.21428571428571,0.6314863475357614,68.46689895470384,0.48633094043681846,79.79094076655052,0.000996441302284907
20,0.562679848812183,73.04006968641114,0.6407757754525241,70.55749128919861,0.4711847920035651,81.18466898954703,0.0009960573506572392
21,0.5554555365848209,74.2595818815331,0.6229808980579575,67.94425087108014,0.5220208441131207,78.22299651567944,0.0009956538155347534
22,0.553137799173282,72.64808362369338,0.6264684908481425,68.98954703832753,0.49009110848662746,80.8362369337979,0.0009952307128483257
23,0.5518681409051609,73.43205574912892,0.6206697535016396,69.33797909407666,0.5336744685621627,77.52613240418118,0.0009947880593013255
24,0.5429632744722666,74.43379790940766,0.6360816988795477,69.51219512195122,0.49248473299504986,83.10104529616724,0.000994325872368957
25,0.5350157957043797,75.26132404181185,0.6445272955329576,68.81533101045297,0.4748777308945872,82.40418118466899,0.0009938441702975688
26,0.5265822609957918,75.91463414634147,0.6563717292991664,69.51219512195122,0.4843304871682091,82.22996515679442,0.000993342972103934
27,0.5263428085772418,76.39372822299651,0.7646505157706629,66.37630662020906,0.6120787017852172,76.30662020905923,0.000992822297574499
28,0.520928310184944,75.82752613240419,0.6447239192105336,68.11846689895471,0.4725639780639356,83.7979094076655,0.0009922821672646027
29,0.5115674767344671,78.13588850174216,0.6273222771255812,70.55749128919861,0.5274782679222186,79.09407665505226,0.0009917226024976648
30,0.5030153883874209,78.22299651567944,0.6512219108355586,69.51219512195122,0.4622630231887206,84.3205574912892,0.0009911436253643444
31,0.5086024322576224,78.1794425087108,0.6780993041261147,69.68641114982579,0.5229523165300748,81.88153310104529,0.000990545258721667
32,0.49856868521261716,79.44250871080139,0.7371637241765597,68.11846689895471,0.6582060190443378,75.60975609756098,0.0009899275261921233
33,0.47926570293379994,79.6602787456446,0.7236558404533705,68.11846689895471,0.5791622302673419,78.22299651567944,0.000989290452162736
34,0.48625261256088365,79.8780487804878,0.758484833954934,66.2020905923345,0.5855661769777225,75.26132404181185,0.0009886340617840967
35,0.4696953919706444,82.0993031358885,0.6928598425944923,67.77003484320558,0.6409100875621889,76.4808362369338,0.0009879583809693736
36,0.45740715988006325,81.31533101045297,0.7578740176008139,68.6411149825784,0.5769389826246255,81.53310104529616,0.0009872634363932884
37,0.45661770622489345,82.75261324041811,0.7850497736748088,65.85365853658537,0.7937482744974542,72.82229965156795,0.0009865492554910632
38,0.45724278314603745,83.05749128919861,0.7527426568473258,68.46689895470384,0.6287822681852334,75.43554006968641,0.0009858158664573368
39,0.4380167164038283,83.7979094076655,0.7332705849139117,70.03484320557492,0.637700472351566,78.57142857142857,0.0009850632982450526
40,0.42920344486469175,85.01742160278745,0.8810385621383215,65.33101045296168,0.7757382903780256,73.69337979094077,0.0009842915805643151
41,0.4453585343078454,84.01567944250871,0.8262495076614805,67.24738675958189,0.6943556992434459,75.08710801393728,0.000983500743881217
42,0.4290504692323532,85.32229965156795,0.8731953777918001,66.55052264808363,0.7784053240918947,71.77700348432056,0.0009826908194166364
43,0.40669476871706467,87.67421602787456,0.8265055027572951,67.59581881533101,0.6618891566057239,78.04878048780488,0.0009818618391450045
44,0.40073216252210664,87.67421602787456,0.8631364254585957,68.46689895470384,0.6879721485363897,75.9581881533101,0.0009810138357930424
45,0.39024216954301044,88.37108013937282,0.8621113325245289,66.55052264808363,0.7143727235677766,76.65505226480836,0.000980146842838471
46,0.39164015287306253,88.71951219512195,0.8642054387085945,68.6411149825784,0.8040626626396844,75.78397212543554,0.0009792608945086874
47,0.3877327758883765,88.37108013937282,0.8601767302390175,66.37630662020906,0.6293397232215163,77.17770034843205,0.0009783560257794147
48,0.3659822191095518,90.897212543554,0.9405339464077966,69.68641114982579,0.7493384950875405,79.26829268292683,0.000977432272373321
49,0.3683459436851927,90.20034843205575,0.9755756150970061,67.94425087108014,0.7730089558956931,74.0418118466899,0.0009764896707586089
50,0.3591949706085883,90.98432055749129,0.9001851337296622,66.02787456445994,0.9089968059121109,70.03484320557492,0.0009755282581475763
51,0.35326552411820417,91.02787456445994,0.8625340411887351,67.07317073170732,0.6790858436544598,78.04878048780488,0.0009745480724951467
52,0.3464607564206738,92.02961672473867,1.0253059868197822,65.50522648083624,0.7952849991645548,72.99651567944251,0.0009735491524973714
53,0.3512808524773096,91.76829268292683,0.8635388384297334,68.29268292682927,0.7764448060391257,73.5191637630662,0.0009725315375899016
54,0.33817575119098303,92.42160278745645,0.9314464226832373,67.24738675958189,0.7462912995225461,74.56445993031359,0.0009714952679464315
55,0.3318401654007543,93.16202090592334,0.9539719857405287,63.76306620209059,0.8739155294172439,70.20905923344948,0.000970440384477112
56,0.3287976157789862,93.81533101045297,1.0215218683983807,67.07317073170732,0.8667491437666092,73.5191637630662,0.0009693669288269363
57,0.31583271053609946,94.29442508710801,0.9369211711950003,66.2020905923345,0.7244752284126414,73.17073170731707,0.0009682749433740955
58,0.3121898937516096,95.07839721254355,1.0022675704457618,66.02787456445994,0.8031473577230234,74.73867595818815,0.0009671644712283052
59,0.31117913012720566,94.25087108013938,1.0223811306189161,66.55052264808363,0.775754217279082,75.26132404181185,0.0009660355562291046
60,0.3142895895844968,95.07839721254355,0.9545296860488865,67.42160278745645,0.7328996388339,75.60975609756098,0.0009648882429441249
61,0.3094716688897136,94.72996515679442,1.0012326464835775,66.55052264808363,0.8390534273008021,70.20905923344948,0.0009637225766673299
62,0.3116077588618009,94.90418118466899,0.9806763349094457,65.15679442508711,0.8225446696480807,70.73170731707317,0.0009625386034172282
63,0.30407684719520994,95.16550522648083,0.8888302225269091,68.81533101045297,0.7023247445086569,74.56445993031359,0.0009613363699350566
64,0.29180874382161925,96.21080139372822,0.9597865073107676,69.33797909407666,0.698112486962242,77.52613240418118,0.0009601159236829344
65,0.2963045420131617,95.38327526132404,1.0039947128462043,68.29268292682927,0.7956753699206309,74.56445993031359,0.0009588773128419897
66,0.298224721636091,95.47038327526133,0.949311839163511,65.6794425087108,0.7873639576526469,72.99651567944251,0.0009576205863104579
67,0.2899129208995075,96.55923344947735,0.9853750855665173,68.11846689895471,0.7245060093311483,75.43554006968641,0.0009563457937017506
68,0.28007196881629864,96.602787456446,0.9672297031621899,66.37630662020906,0.7959148028171021,74.73867595818815,0.000955052985342497
69,0.27121936631119625,97.51742160278745,0.996055299604396,66.89895470383276,0.7602243448383716,75.26132404181185,0.0009537422122705576
70,0.27575297991157827,97.08188153310104,0.9557211507072847,64.80836236933798,0.8203992698250747,71.42857142857143,0.0009524135262330089
71,0.26842814704682355,97.73519163763066,0.9865294474757922,67.07317073170732,0.8274995595320592,71.95121951219512,0.0009510669796841005
72,0.27036453435645286,97.21254355400697,0.9797096264902307,70.38327526132404,0.7397894705629515,76.82926829268293,0.0009497026257831847
73,0.26340961082471787,97.7787456445993,1.0510470692704363,65.15679442508711,0.7848061593152089,73.17073170731707,0.0009483205183926171
74,0.2650214212489045,97.86585365853658,0.9239898706147064,68.81533101045297,0.7533049616664129,72.47386759581882,0.0009469207120756311
75,0.2633088287160787,97.38675958188153,0.9790117807089244,68.6411149825784,0.759795384332278,74.21602787456446,0.000945503262094183
76,0.26449538949059276,97.82229965156795,0.9615803007880155,69.1637630662021,0.7226070759603787,75.43554006968641,0.0009440682244067714
77,0.2594146851567026,97.82229965156795,0.9942753522653613,67.94425087108014,0.7563512198601035,74.91289198606272,0.0009426156556662268
78,0.25719318406507113,97.95296167247386,0.9927356579577882,68.98954703832753,0.7369826498347293,76.82926829268293,0.0009411456132174758
79,0.2568147794087174,98.12717770034843,0.9932669264098909,67.07317073170732,0.7895949109090745,74.21602787456446,0.0009396581550952772
80,0.25667109161303847,98.17073170731707,1.0187509822097804,69.68641114982579,0.7643190398033488,75.08710801393728,0.0009381533400219309
81,0.2537276664885079,97.95296167247386,0.9963461638327675,67.42160278745645,0.7586498144196301,75.26132404181185,0.0009366312274049592
82,0.2509512911690237,98.60627177700349,0.9499776209688353,68.11846689895471,0.7344362127240942,74.39024390243902,0.0009350918773347619
83,0.24738168924112353,98.78048780487805,0.9643808952191981,68.11846689895471,0.7127855199970019,77.00348432055749,0.0009335353505822441
84,0.2470615959956671,98.47560975609755,0.9732480219432286,66.72473867595819,0.7444652152809117,74.0418118466899,0.0009319617085964167
85,0.2436621434181825,98.86759581881533,0.9919880879880659,65.85365853658537,0.6890888276415835,76.82926829268293,0.000930371013501971
86,0.24341638235680318,98.69337979094077,0.9853545126183938,67.77003484320558,0.746859409667889,73.5191637630662,0.0009287633280968253
87,0.24492637828667405,98.78048780487805,0.9950358329749689,67.94425087108014,0.7791544444054261,74.21602787456446,0.0009271387158496467
88,0.23968657866795304,99.21602787456446,0.9763038316254832,66.37630662020906,0.782308350664398,74.0418118466899,0.0009254972408973451
89,0.2354886711474495,98.95470383275261,0.966920817770609,68.6411149825784,0.708336420798551,75.60975609756098,0.0009238389680425407
90,0.23399935003357067,99.21602787456446,0.9961071001943396,68.11846689895471,0.7742441944544324,72.82229965156795,0.0009221639627510066
91,0.2317818005533584,99.17247386759581,1.0087305209777913,66.89895470383276,0.7529164918208372,74.21602787456446,0.0009204722911490836
92,0.23035123352389716,99.43379790940766,0.9776265438425417,68.6411149825784,0.7734746729455343,72.12543554006969,0.0009187640200210698
93,0.22759481906267823,99.56445993031359,0.9665281195258429,67.24738675958189,0.8023396624505312,71.77700348432056,0.0009170392168065845
94,0.22677119683720925,99.52090592334494,1.0062376927415668,66.55052264808363,0.7493021031289981,75.26132404181185,0.0009152979495979053
95,0.22744114452953537,99.4773519163763,1.0185239614094592,68.46689895470384,0.7752991532614838,73.86759581881533,0.0009135402871372799
96,0.22889705817458522,99.56445993031359,0.992632525723155,68.81533101045297,0.7676279440989477,73.5191637630662,0.0009117662988142127
97,0.2364204960002301,99.17247386759581,1.0364649333189588,67.77003484320558,0.7520200138723393,76.13240418118467,0.0009099760546627253
98,0.233312177896915,99.12891986062718,0.9537292706426428,67.59581881533101,0.7055594051964191,75.08710801393728,0.000908169625358591
99,0.23112930051125716,99.4773519163763,0.9739075728825161,67.59581881533101,0.7584448201315743,73.17073170731707,0.0009063470822165459
100,0.22589983892357723,99.65156794425087,0.9714880718586753,65.33101045296168,0.7222008630373752,75.78397212543554,0.0009045084971874727
101,0.23295207897960515,99.17247386759581,0.9724739449364799,69.1637630662021,0.7285653142978921,75.78397212543554,0.0009026539428555598
102,0.22624254013810838,99.60801393728222,0.9557334103650748,67.94425087108014,0.7180282562867274,74.56445993031359,0.0009007834924354372
103,0.22413058527047625,99.65156794425087,0.9910371486318236,68.98954703832753,0.7184774549580617,76.13240418118467,0.0008988972197692843
104,0.22369085813025563,99.56445993031359,0.9536657246147714,67.94425087108014,0.7554421582703806,73.17073170731707,0.0008969951993239164
105,0.22219632249260612,99.56445993031359,0.9542555082135085,68.46689895470384,0.7284928252888058,73.17073170731707,0.0008950775061878439
106,0.21990026829550074,99.82578397212544,0.9386569139018707,67.77003484320558,0.7098976674810935,75.9581881533101,0.0008931442160683082
107,0.2185589599484766,99.86933797909407,0.9497064102817495,67.94425087108014,0.7047374271349625,74.73867595818815,0.0008911954052882928
108,0.2183010360089744,99.6951219512195,0.9220007346482227,69.51219512195122,0.7297317256910876,73.17073170731707,0.0008892311507835107
109,0.22083071559563747,99.65156794425087,0.9673198461532593,68.29268292682927,0.7372103796603372,73.69337979094077,0.0008872515300993659
110,0.22342161211194891,99.6951219512195,0.9511989778757927,67.94425087108014,0.7039764679267432,77.00348432055749,0.0008852566213878935
111,0.21940686815914792,99.95644599303135,0.9552991570911341,65.85365853658537,0.7006174303098007,75.26132404181185,0.0008832465034046738
112,0.21832239472076867,99.73867595818815,0.9371921075345747,67.94425087108014,0.735932691172025,73.34494773519164,0.0008812212555057229
113,0.21651278098701185,99.91289198606272,0.9366195463552708,66.2020905923345,0.7478293080778488,74.21602787456446,0.0008791809576443599
114,0.21687430475647027,99.91289198606272,0.9303104457954912,68.98954703832753,0.7100238642210744,73.69337979094077,0.0008771256903680509
115,0.21534807061069103,99.91289198606272,0.9272610322938979,66.72473867595819,0.7062055628474165,75.26132404181185,0.0008750555348152287
116,0.2195671561079989,99.56445993031359,0.9797063825022468,67.07317073170732,0.7288612856266806,74.91289198606272,0.00087297057271209
117,0.2209227005156075,99.82578397212544,0.9425576568065205,67.24738675958189,0.7076929316495769,74.91289198606272,0.0008708708863693686
118,0.21756875172309345,99.82578397212544,0.9259363836527702,68.29268292682927,0.6902640027866962,76.30662020905923,0.0008687565586790859
119,0.21467872997194218,100.0,0.9562646229508032,68.29268292682927,0.7354309903620012,75.26132404181185,0.000866627673111279
120,0.21703340263732218,99.78222996515679,0.9226995667098706,67.77003484320558,0.7355191815605562,74.73867595818815,0.0008644843137107047
121,0.21448454707341744,99.95644599303135,0.9670175280720514,68.81533101045297,0.7570612652791917,73.5191637630662,0.0008623265650935222
122,0.21597728579717232,99.86933797909407,0.9014898185530607,69.33797909407666,0.7183105378616147,75.08710801393728,0.0008601545124439522
123,0.21409562910267702,99.91289198606272,0.9194040464607265,68.46689895470384,0.6628522756623059,78.74564459930313,0.0008579682415109144
124,0.21590632195049048,99.91289198606272,0.9041127390147087,68.98954703832753,0.663132257993213,77.70034843205575,0.0008557678386046416
125,0.21563312110169838,99.82578397212544,0.9200178102333787,69.51219512195122,0.7344852542627979,75.60975609756098,0.0008535533905932725
126,0.2150847124721115,100.0,0.9180459012553251,68.11846689895471,0.6860378114603953,76.13240418118467,0.0008513249848994235
127,0.21350266449542826,99.95644599303135,0.913284149111771,68.11846689895471,0.7132122892535937,73.5191637630662,0.0008490827094967353
128,0.21311287343086682,99.91289198606272,0.8790381922539103,68.98954703832753,0.6947021646366718,75.26132404181185,0.0008468266529064013
129,0.21287716177490115,99.86933797909407,0.9239627621315082,70.03484320557492,0.723554462713647,74.91289198606272,0.0008445569041936731
130,0.21302625635567443,99.91289198606272,0.9192078157169062,68.6411149825784,0.6789872272504747,75.26132404181185,0.0008422735529643432
131,0.21360978105134665,99.82578397212544,0.9153764588492257,68.29268292682927,0.6985727086507485,75.26132404181185,0.0008399766893612084
132,0.2133811412164974,99.95644599303135,0.9177409165412291,68.46689895470384,0.6963181971257572,75.43554006968641,0.0008376664040605111
133,0.2122210143750553,99.91289198606272,0.8954197772703935,67.77003484320558,0.7243782618319947,74.21602787456446,0.000835342788268359
134,0.21327780706334198,99.91289198606272,0.9120329541611755,69.86062717770035,0.694023005223025,74.0418118466899,0.0008330059337171247
135,0.21174010296939558,100.0,0.8995883223902473,68.81533101045297,0.6931524091896695,74.39024390243902,0.0008306559326618247
136,0.2115450502480364,99.95644599303135,0.8959968281124527,68.98954703832753,0.714484854649999,73.5191637630662,0.000828292877876477
137,0.21013099630119908,100.0,0.8757905472031038,68.46689895470384,0.6808004354350659,73.86759581881533,0.0008259168626504383
138,0.21001065161585392,100.0,0.8995010854890537,69.51219512195122,0.6799245848472941,74.91289198606272,0.0008235279807847211
139,0.209462329537611,100.0,0.8968779255704182,67.42160278745645,0.6850766504267782,75.60975609756098,0.0008211263265882911
140,0.21005797126567322,100.0,0.9020373094372633,67.77003484320558,0.7182991064384009,73.5191637630662,0.0008187119948743437
141,0.20952503429888017,100.0,0.8955318458404276,67.77003484320558,0.6834581660476711,75.60975609756098,0.0008162850809565612
142,0.20987869581071342,100.0,0.8924210140098678,68.29268292682927,0.6587217963115679,77.00348432055749,0.0008138456806453491
143,0.2094048011905225,100.0,0.9093229513135106,68.98954703832753,0.6901105609089655,75.43554006968641,0.0008113938902440552
144,0.21090407892802035,99.95644599303135,0.877770194193212,68.98954703832753,0.6526558648418467,76.65505226480836,0.0008089298065451661
145,0.21148833092496785,99.95644599303135,0.8915110361285326,68.81533101045297,0.7043693547464829,73.17073170731707,0.0008064535268264872
146,0.21151476392347224,99.95644599303135,0.8842932041929159,67.77003484320558,0.6568970509937831,75.78397212543554,0.0008039651488473016
147,0.20983536525885818,99.95644599303135,0.8802244262412865,68.81533101045297,0.686115725945928,74.73867595818815,0.0008014647708445113
148,0.20956682862928105,100.0,0.8893644120219693,69.33797909407666,0.6994128628059547,75.08710801393728,0.0007989524915287584
149,0.208708978955754,100.0,0.882722619310904,69.1637630662021,0.6738611671567378,74.39024390243902,0.0007964284100805285
150,0.20914930323275124,100.0,0.8899079677535267,68.81533101045297,0.6574257657918365,76.4808362369338,0.0007938926261462355
151,0.21230218390762182,99.86933797909407,0.8794094066586644,67.77003484320558,0.7035601822341361,74.56445993031359,0.0007913452398342869
152,0.2103974766224519,100.0,0.8675370513354445,68.81533101045297,0.6674222850633416,74.56445993031359,0.0007887863517111326
153,0.2101828097674074,100.0,0.8670000649910771,69.86062717770035,0.6902025337833976,74.21602787456446,0.0007862160627972942
154,0.21097157381552853,100.0,0.8683736984738074,68.6411149825784,0.6707708389086176,75.43554006968641,0.0007836344745633772
155,0.20994157409003386,100.0,0.8946075107162422,67.42160278745645,0.6639580618629057,77.17770034843205,0.0007810416889260641
156,0.2095356791276965,100.0,0.8979533937749963,68.29268292682927,0.6629307799638356,75.60975609756098,0.0007784378082440928
157,0.2097683094104408,100.0,0.87266410227852,68.46689895470384,0.6544446953497697,76.4808362369338,0.000775822935314214
158,0.20936588917044396,100.0,0.8605658424440576,69.51219512195122,0.6610095359722497,75.26132404181185,0.0007731971733671334
159,0.2092819042529794,100.0,0.8575838918469925,69.51219512195122,0.6515423535054569,76.30662020905923,0.0007705606260634367
160,0.209694473014476,100.0,0.8945901823791478,68.6411149825784,0.6567181070507195,76.13240418118467,0.000767913397489497
161,0.20877028217714422,100.0,0.8643868245729586,69.68641114982579,0.7079854792418796,72.64808362369338,0.0007652555921533658
162,0.21050018279809984,100.0,0.8740206065908958,70.55749128919861,0.6701984937182702,74.73867595818815,0.0007625873149806466
163,0.21122467725534472,99.95644599303135,0.8994810705816288,68.81533101045297,0.6707339762395267,74.56445993031359,0.0007599086713103534
164,0.2114872430882803,100.0,0.892711569207886,68.29268292682927,0.7163052741658812,74.56445993031359,0.0007572197668907521
165,0.2116584924247622,100.0,0.8972373700308052,68.11846689895471,0.7005946403596459,74.56445993031359,0.0007545207078751845
166,0.21226762084595419,100.0,0.8650658641542707,70.38327526132404,0.6610432402182124,76.13240418118467,0.0007518116008178792
167,0.21061399288293792,100.0,0.8827434032636237,67.59581881533101,0.7083385798573909,72.47386759581882,0.0007490925526697443
168,0.2097048462475634,100.0,0.9016403090663072,69.1637630662021,0.6843596190110316,76.30662020905923,0.0007463636707741447
169,0.20843344594543403,100.0,0.8590324911506334,69.1637630662021,0.6775633075926777,76.4808362369338,0.000743625062862665
170,0.20792928151137322,100.0,0.8784754531724113,69.51219512195122,0.6551126324756635,74.91289198606272,0.0007408768370508564
171,0.20833172298682276,100.0,0.8563388804110085,69.51219512195122,0.6526150327526319,75.60975609756098,0.0007381191018339683
172,0.20889567570819256,100.0,0.8884745576655824,68.46689895470384,0.657134719841987,75.78397212543554,0.0007353519660826651
173,0.21001268097747908,99.95644599303135,0.8666657068172814,71.0801393728223,0.6825462843482918,74.39024390243902,0.000732575539038728
174,0.21372334721404085,99.91289198606272,0.8904601850576102,69.51219512195122,0.6764101747436391,74.91289198606272,0.0007297899303107428
175,0.21197455269949778,100.0,0.8846926292475923,67.94425087108014,0.6639418309158565,76.65505226480836,0.0007269952498697721
176,0.20933246950031573,100.0,0.859059352907985,69.86062717770035,0.6691274964850954,74.0418118466899,0.0007241916080450151
177,0.20935922274398472,100.0,0.864385156888995,68.6411149825784,0.648928662418073,76.30662020905923,0.0007213791155194495
178,0.20781101681006495,100.0,0.8543183014367931,68.29268292682927,0.6718224571556995,74.56445993031359,0.0007185578833254652
179,0.20810538831488182,100.0,0.8486897856100927,70.20905923344948,0.6542869646374773,74.91289198606272,0.0007157280228404783
180,0.2068457372927915,100.0,0.8509987544930355,68.81533101045297,0.6549467149511863,74.56445993031359,0.0007128896457825352
181,0.20727661797186223,100.0,0.8601386513859552,69.33797909407666,0.6673240578548418,74.39024390243902,0.000710042864205902
182,0.20678747541397707,100.0,0.8509849949580867,68.46689895470384,0.6357141598176458,76.13240418118467,0.000707187790496641
183,0.20715153362692856,100.0,0.864229867474958,70.03484320557492,0.6574357523735392,75.60975609756098,0.0007043245373681734
184,0.2070915883322626,100.0,0.8610085396401143,70.73170731707317,0.6401307186183198,76.13240418118467,0.0007014532178568302
185,0.20717932029468258,100.0,0.8508255328035521,70.73170731707317,0.6246790200575719,75.60975609756098,0.0006985739453173892
186,0.20640871074141526,100.0,0.8688663269169239,68.6411149825784,0.6299007059389706,76.13240418118467,0.0006956868334186001
187,0.20684143283018253,100.0,0.8550788002147076,70.38327526132404,0.6497735055066152,76.13240418118467,0.000692791996138697
188,0.2075235157789669,99.95644599303135,0.8529518132425766,69.86062717770035,0.648087538908583,76.65505226480836,0.0006898895477608994
189,0.20714101859916792,99.95644599303135,0.8459678458419826,71.25435540069687,0.6436624460519399,75.60975609756098,0.000686979602868899
190,0.20797465357423245,99.95644599303135,0.8253931461310968,71.42857142857143,0.6342228100690277,76.4808362369338,0.0006840622763423378
191,0.2071441794625558,100.0,0.8253731789904605,70.55749128919861,0.6408365429070768,76.30662020905923,0.0006811376833522717
192,0.2067424132641184,100.0,0.8299029548409094,70.73170731707317,0.6384412837360794,75.78397212543554,0.0006782059393566241
193,0.206828178792465,100.0,0.8167002051549506,70.03484320557492,0.624429992059382,76.65505226480836,0.0006752671600956284
194,0.20638708463944624,100.0,0.86841312248117,71.0801393728223,0.6363553406884861,78.04878048780488,0.0006723214615872575
195,0.20766847832485358,100.0,0.8218329924739611,70.20905923344948,0.6640544845252087,74.91289198606272,0.0006693689601226446
196,0.20735001319999893,100.0,0.818509332809714,70.90592334494774,0.6373046752883167,75.9581881533101,0.0006664097722614922
197,0.20811331765369256,100.0,0.8120808165247847,71.602787456446,0.6480621307153736,74.73867595818815,0.0006634440148274703
198,0.20796753383056626,99.95644599303135,0.8487034433810138,70.38327526132404,0.6585547940656283,75.60975609756098,0.0006604718049036037
199,0.20829474749465438,100.0,0.8371602163912942,69.86062717770035,0.6589321230346733,74.91289198606272,0.0006574932598276514
200,0.20687509855119193,100.0,0.8022595091563899,69.86062717770035,0.6223627814847833,76.13240418118467,0.0006545084971874728
201,0.20672042112317235,100.0,0.8465718500290182,69.68641114982579,0.6455333446791779,75.43554006968641,0.0006515176348163861
202,0.2061533097190724,100.0,0.8266504251167749,70.90592334494774,0.6530970203128841,76.30662020905923,0.0006485207907885165
203,0.2064420544519657,100.0,0.824635939523318,69.86062717770035,0.6479419845737231,74.21602787456446,0.000645518083414135
204,0.2065722699883923,100.0,0.8214848714423096,71.25435540069687,0.621035672231003,76.4808362369338,0.000642509631234987
205,0.20641570681063556,100.0,0.848747384880478,70.73170731707317,0.62269002448391,76.30662020905923,0.0006394955530196136
206,0.20649882476088893,100.0,0.8452714112577538,69.86062717770035,0.6523215930636336,75.43554006968641,0.0006364759677586616
207,0.2063581913398118,100.0,0.8240811806107232,70.20905923344948,0.6500627118120625,76.30662020905923,0.0006334509946601868
208,0.2058552579908836,100.0,0.8312550280567661,71.602787456446,0.6348900296546857,77.00348432055749,0.0006304207531449474
209,0.2063861220348172,100.0,0.8112257887262085,69.1637630662021,0.6411218487427209,75.26132404181185,0.0006273853628416901
210,0.20715920486932016,100.0,0.8450805748381266,69.51219512195122,0.6423201662738148,75.9581881533101,0.0006243449435824264
211,0.20612903359875032,100.0,0.8342459534103447,69.68641114982579,0.6468511188487143,76.13240418118467,0.0006212996153977028
212,0.2053546546228256,100.0,0.8379824288215372,69.1637630662021,0.643652831012779,75.08710801393728,0.0006182494985118615
213,0.2051606121690431,100.0,0.8236739745538825,70.73170731707317,0.6313230268631247,76.4808362369338,0.0006151947133382945
214,0.20496354010670026,100.0,0.8312887696854329,70.38327526132404,0.630114669376134,75.60975609756098,0.0006121353804746897
215,0.2058788279415423,99.95644599303135,0.8460427244365838,70.38327526132404,0.6498429571709982,76.4808362369338,0.0006090716206982704
216,0.20717608866375914,100.0,0.8365969147000994,70.20905923344948,0.629658437564398,76.13240418118467,0.0006060035549610265
217,0.20594703969432088,100.0,0.8484715250310998,69.1637630662021,0.6422030377471073,74.91289198606272,0.0006029313043849398
218,0.20707103765800025,100.0,0.8408640768469834,69.51219512195122,0.6387042203846709,74.21602787456446,0.0005998549902572027
219,0.2052579012793531,100.0,0.8335939257402454,70.90592334494774,0.6436761297830721,74.73867595818815,0.0005967747340254292
220,0.2064073549434283,99.95644599303135,0.8284889702597562,67.94425087108014,0.6990254764357511,73.34494773519164,0.0005936906572928614
221,0.206414661392933,100.0,0.8400061107678696,70.03484320557492,0.624481645403008,77.70034843205575,0.0005906028818135678
222,0.20524663646877436,100.0,0.8222641274073398,70.20905923344948,0.6374744002412005,75.60975609756098,0.0005875115294876372
223,0.20535961593069682,100.0,0.8306480803971507,69.1637630662021,0.6231618214152,77.00348432055749,0.0005844167223563661
224,0.20555702490465982,100.0,0.8222871740520623,70.20905923344948,0.6645772382357394,74.21602787456446,0.000581318582597441
225,0.20518325835154863,100.0,0.8141141718688327,70.38327526132404,0.6010043687521373,78.04878048780488,0.0005782172325201146
226,0.20524647172527447,100.0,0.822803202821818,71.42857142857143,0.6148903918183224,76.65505226480836,0.0005751127945603777
227,0.20536413544769486,100.0,0.8176254358025793,70.38327526132404,0.6274232901762586,76.82926829268293,0.0005720053912761253
228,0.20621512793913122,100.0,0.8228338157258382,70.55749128919861,0.6341421155564045,76.65505226480836,0.0005688951453423183
229,0.2052610130260215,100.0,0.8309391413000818,68.6411149825784,0.6188867470113243,76.65505226480836,0.0005657821795461405
230,0.205094207143119,100.0,0.8266982818314422,70.73170731707317,0.6515134809739914,75.08710801393728,0.0005626666167821513
231,0.20471394342412516,100.0,0.819228627332827,70.90592334494774,0.6158933813978986,76.13240418118467,0.000559548580047434
232,0.2052096198037111,100.0,0.8321833625072386,69.1637630662021,0.6427177267622864,75.60975609756098,0.0005564281924367399
233,0.2055598520754937,100.0,0.8643970653570487,69.33797909407666,0.6203076689916205,77.17770034843205,0.0005533055771376291
234,0.20515762316225297,100.0,0.8328837347362931,71.0801393728223,0.6184433503433387,75.60975609756098,0.0005501808574256065
235,0.20500349853096939,100.0,0.8226183166902655,71.0801393728223,0.6106342777142542,76.82926829268293,0.0005470541566592563
236,0.20541621360421597,100.0,0.8235813535048987,70.03484320557492,0.6518004628008667,73.69337979094077,0.0005439255982753708
237,0.2055755005273254,100.0,0.8140739335415671,71.42857142857143,0.6176951675049519,74.73867595818815,0.0005407953057840779
238,0.20500175348557662,100.0,0.813046111877787,71.95121951219512,0.6319013937840479,75.26132404181185,0.0005376634027639655
239,0.2046603597830397,100.0,0.8169593345828172,72.29965156794425,0.6269040070344347,77.17770034843205,0.0005345300128572021
240,0.20468009063383427,100.0,0.8393217738497133,70.38327526132404,0.6012744801800426,77.87456445993031,0.0005313952597646558
241,0.20443010818252164,100.0,0.8027331519625328,70.73170731707317,0.6434998476962179,74.21602787456446,0.0005282592672410113
242,0.20481818312136554,100.0,0.8090186887501839,70.38327526132404,0.6304874997521112,76.82926829268293,0.0005251221590898839
243,0.2050273545112344,100.0,0.8098380426496579,71.602787456446,0.616837594359594,76.13240418118467,0.0005219840591589315
244,0.20564885499793062,100.0,0.8256199737874473,71.77700348432056,0.6360276266672885,76.30662020905923,0.0005188450913349664
245,0.20524172251232825,100.0,0.8056275852881242,71.77700348432056,0.6202766043799264,75.43554006968641,0.0005157053795390632
246,0.2051220038315145,100.0,0.8276316052114506,72.12543554006969,0.6481533046383475,75.43554006968641,0.0005125650477216679
247,0.20546132300165887,100.0,0.8092586148906667,71.0801393728223,0.6335375419061774,76.82926829268293,0.0005094242198577033
248,0.20485967833821367,100.0,0.8246143159135293,71.25435540069687,0.6156755230983375,76.82926829268293,0.0005062830199416755
249,0.20492625309199822,100.0,0.8285213077525229,69.86062717770035,0.640954006424349,75.9581881533101,0.0005031415719827788
250,0.20475161023671617,100.0,0.8032014334658713,71.42857142857143,0.5915759519417527,77.70034843205575,0.0004999999999999993
251,0.20405630902338526,100.0,0.7869841458490086,70.90592334494774,0.6200731323986519,75.78397212543554,0.0004968584280172197
252,0.2041337800046708,100.0,0.8015496591657711,70.55749128919861,0.6429786711204343,74.21602787456446,0.0004937169800583229
253,0.2044296846157167,100.0,0.7906524696831919,69.86062717770035,0.624019230907387,75.78397212543554,0.000490575780142295
254,0.20463799220552012,100.0,0.8074642110369347,70.90592334494774,0.6322843000448539,74.56445993031359,0.00048743495227833043
255,0.20424359834360328,100.0,0.8085944760551851,71.0801393728223,0.60953964651254,77.35191637630662,0.00048429462046093504
256,0.20437581795640938,100.0,0.8016932399015393,69.68641114982579,0.6403592943314476,74.56445993031359,0.00048115490866503186
257,0.20411982592389974,100.0,0.8076820766053548,71.77700348432056,0.6244602442203083,76.65505226480836,0.0004780159408410668
258,0.2042007429155323,100.0,0.8271192135711165,69.51219512195122,0.6388896086905476,77.00348432055749,0.00047487784091011445
259,0.20531615427977531,100.0,0.8127141792184385,70.73170731707317,0.6144876247499047,77.52613240418118,0.00047174073275898696
260,0.20456252452180776,100.0,0.7846584901577089,71.42857142857143,0.623348911672519,75.43554006968641,0.00046860474023534266
261,0.20408335598088306,100.0,0.8032135257322198,70.03484320557492,0.6104293968204006,75.78397212543554,0.0004654699871427964
262,0.20404094104567472,100.0,0.8070935204054005,71.602787456446,0.6183096295034428,76.4808362369338,0.00046233659723603286
263,0.2035305270542251,100.0,0.8132303892943087,70.20905923344948,0.6094611432494187,77.17770034843205,0.0004592046942159205
264,0.20323704629617287,100.0,0.8146152600178735,71.42857142857143,0.6339555187507789,76.82926829268293,0.0004560744017246277
265,0.20401912512264186,100.0,0.7833320716532265,70.90592334494774,0.611221019814654,77.52613240418118,0.00045294584334074214
266,0.20403770048443864,100.0,0.7909229574303178,70.03484320557492,0.6134811922232863,77.52613240418118,0.00044981914257439187
267,0.20529540314076253,100.0,0.810804110370862,71.0801393728223,0.6261489692465354,76.82926829268293,0.0004466944228623693
268,0.20425599216376447,100.0,0.8040600747181563,70.55749128919861,0.6157316829269356,75.60975609756098,0.0004435718075632584
269,0.2040502072315183,100.0,0.8010742099442963,68.6411149825784,0.6297818418163871,75.26132404181185,0.0004404514199525645
270,0.20363484613779115,100.0,0.7845115576471601,70.55749128919861,0.6130714198438133,75.9581881533101,0.0004373333832178472
271,0.20363725965862076,100.0,0.8025244237653885,70.90592334494774,0.6296618520590487,76.30662020905923,0.00043421782045385804
272,0.20370819728548933,100.0,0.8043611369481901,70.55749128919861,0.6304567630698041,76.4808362369338,0.00043110485465768026
273,0.20330676187206229,100.0,0.8026927624429975,70.38327526132404,0.6146011566451203,78.22299651567944,0.00042799460872387313
274,0.20350733503232019,100.0,0.8002152397242157,71.42857142857143,0.6252032551615911,76.30662020905923,0.00042488720543962065
275,0.20345067801375838,100.0,0.8021575087869625,70.90592334494774,0.6128318895446299,77.00348432055749,0.0004217827674798838
276,0.20332478931764278,100.0,0.8001294989619105,70.38327526132404,0.6283348784214113,75.43554006968641,0.0004186814174025574
277,0.20388049250695764,100.0,0.7818553971081246,70.90592334494774,0.5957157051106363,77.87456445993031,0.0004155832776436323
278,0.20366880661103784,100.0,0.7882723818672659,69.68641114982579,0.6054419110876342,77.52613240418118,0.00041248847051236125
279,0.20332528936322974,100.0,0.80342769041294,69.33797909407666,0.6277656594635302,76.13240418118467,0.00040939711818643057
280,0.2041569584753455,100.0,0.8006252199930597,70.90592334494774,0.6092429507900198,77.52613240418118,0.0004063093427071369
281,0.20317258569006305,100.0,0.7831945064175835,70.55749128919861,0.612865767204803,77.70034843205575,0.0004032252659745692
282,0.20332501434075292,100.0,0.7782467007637024,70.20905923344948,0.6279542030773096,76.82926829268293,0.0004001450097427958
283,0.20337632329621796,100.0,0.7875463019680063,69.86062717770035,0.613659954444872,77.35191637630662,0.0003970686956150585
284,0.2034101799286201,100.0,0.7908263910522859,70.55749128919861,0.6166729104643499,77.70034843205575,0.00039399644503897196
285,0.203056703357331,100.0,0.7833810589870094,71.0801393728223,0.6025802576168073,76.82926829268293,0.000390928379301728
286,0.2034176437489247,100.0,0.8004153985595038,70.20905923344948,0.6283904318194772,75.60975609756098,0.00038786461952530863
287,0.2032552938843438,100.0,0.7862632588227036,71.25435540069687,0.5999609479090062,77.52613240418118,0.00038480528666170403
288,0.2031658551938027,100.0,0.7934127003473688,70.38327526132404,0.6089140500756506,79.26829268292683,0.0003817505014881369
289,0.20339578452425966,100.0,0.8004451626684608,70.38327526132404,0.6194005941887766,77.87456445993031,0.00037870038460229553
290,0.20282281135640493,100.0,0.7928429891838845,69.86062717770035,0.615255587607726,77.52613240418118,0.00037565505641757197
291,0.20284237917707357,100.0,0.7751907612803921,70.55749128919861,0.6181683424042492,76.4808362369338,0.00037261463715830827
292,0.2029178339326008,100.0,0.7925442552732673,71.0801393728223,0.610051065579524,76.82926829268293,0.0003695792468550508
293,0.20320639050588374,100.0,0.7988818030324132,69.51219512195122,0.6226708010514024,75.78397212543554,0.0003665490053398116
294,0.20309594823923677,100.0,0.784405709143715,69.86062717770035,0.6096152133642588,76.65505226480836,0.00036352403224133655
295,0.2030419227553577,100.0,0.7805294733014256,71.0801393728223,0.6117470978859825,76.82926829268293,0.00036050444698038455
296,0.20321928987519666,100.0,0.7914528558063175,70.38327526132404,0.631795050790501,75.9581881533101,0.00035749036876501117
297,0.20277055744925443,100.0,0.778220160912969,70.73170731707317,0.6154048382612887,77.17770034843205,0.00035448191658586333
298,0.2027956841818547,100.0,0.7795500194569498,71.42857142857143,0.6324284986336473,74.73867595818815,0.00035147920921148177
299,0.20285797067220201,100.0,0.7817809988812703,70.55749128919861,0.6028994261595431,76.82926829268293,0.00034848236518361236
300,0.20319983119125565,100.0,0.7723205170564951,70.55749128919861,0.6231707012611815,74.91289198606272,0.0003454915028125256
301,0.20324509775181682,100.0,0.7943317670024646,71.25435540069687,0.6160828211581666,77.52613240418118,0.0003425067401723469
302,0.20322214290240084,100.0,0.7859807010311698,70.20905923344948,0.5956614262550965,78.397212543554,0.00033952819509639457
303,0.2029484690066414,100.0,0.7826519620958521,70.20905923344948,0.6114469868380848,77.35191637630662,0.00033655598517252813
304,0.20274251117938902,100.0,0.7886244515508725,70.20905923344948,0.6098515032060471,75.43554006968641,0.00033359022773850604
305,0.20312898307519509,100.0,0.7788556822500993,70.90592334494774,0.5941048187661254,76.30662020905923,0.00033063103987735366
306,0.2028882758438795,100.0,0.7903068215174127,70.90592334494774,0.6073226704414714,77.52613240418118,0.0003276785384127408
307,0.20289220502567623,100.0,0.7798351352638484,69.86062717770035,0.6063705072170351,76.82926829268293,0.0003247328399043698
308,0.2027488572049224,100.0,0.7852082082203456,70.38327526132404,0.5999654346642178,76.82926829268293,0.00032179406064337403
309,0.20287707063794552,100.0,0.7773422490844328,70.20905923344948,0.6192245637082887,77.00348432055749,0.00031886231664772654
310,0.2026736381161919,100.0,0.7919447648400629,71.602787456446,0.6019898819175746,77.17770034843205,0.0003159377236576604
311,0.20226157521536955,100.0,0.7868401647029438,71.25435540069687,0.6084563549387331,76.30662020905923,0.0003130203971310992
312,0.20257692423224033,100.0,0.7774374499553587,70.90592334494774,0.614517150855646,75.60975609756098,0.00031011045223909887
313,0.20228041692893264,100.0,0.7724712916782924,71.42857142857143,0.5990867596054742,77.52613240418118,0.00030720800386130115
314,0.20254538309491055,100.0,0.7770815294378726,70.90592334494774,0.6020792018661101,76.30662020905923,0.00030431316658139826
315,0.20252025849104757,100.0,0.7953886832094359,70.55749128919861,0.6109076752895262,76.13240418118467,0.000301426054682609
316,0.20235376989384563,100.0,0.7836415597370693,71.0801393728223,0.6081112585832018,75.9581881533101,0.00029854678214316806
317,0.20223447950459522,100.0,0.7886742793724512,72.29965156794425,0.5974935675331939,77.00348432055749,0.00029567546263182496
318,0.20203800286565507,100.0,0.7857681570983515,71.42857142857143,0.6053925100519266,76.82926829268293,0.00029281220950335736
319,0.20226302239329974,100.0,0.7941728695344427,70.90592334494774,0.5958195831302151,78.397212543554,0.0002899571357940963
320,0.2025583068668219,100.0,0.7793088441111069,70.90592334494774,0.6084850725396584,77.17770034843205,0.0002871103542174631
321,0.20260169354465365,100.0,0.7902694286369696,71.0801393728223,0.5983168883606117,78.22299651567944,0.00028427197715952013
322,0.20243163817020243,100.0,0.7761597475523733,70.55749128919861,0.6205326624032927,75.78397212543554,0.0002814421166745331
323,0.2024696448538777,100.0,0.776731779766415,72.12543554006969,0.6068124220761688,76.13240418118467,0.0002786208844805488
324,0.2024787979051211,100.0,0.8003944740062807,70.90592334494774,0.6302913367125216,76.4808362369338,0.00027580839195498344
325,0.20229337725282132,100.0,0.7792942663103031,71.602787456446,0.6227699023921315,75.43554006968641,0.0002730047501302261
326,0.20239811253049234,100.0,0.7865588110498435,70.90592334494774,0.606270706404377,77.00348432055749,0.00027021006968925556
327,0.20241439794206453,100.0,0.7788553566052108,71.95121951219512,0.5990794635400539,76.82926829268293,0.0002674244609612703
328,0.202204781749938,100.0,0.7854375133115655,70.73170731707317,0.6313051753758553,74.73867595818815,0.0002646480339173334
329,0.20229262238180182,100.0,0.7848295600572114,70.90592334494774,0.6108748603365562,76.82926829268293,0.00026188089816602987
330,0.20224396100442998,100.0,0.7749185167538579,71.95121951219512,0.6116127702001911,76.4808362369338,0.000259123162949142
331,0.2020224910164544,100.0,0.7738344245671395,70.55749128919861,0.6079319187988388,76.65505226480836,0.00025637493713733347
332,0.201980433501433,100.0,0.7908498244003136,70.73170731707317,0.6100890767283556,77.00348432055749,0.0002536363292258536
333,0.2021927333044258,100.0,0.774215899693426,70.03484320557492,0.6035475527367941,76.65505226480836,0.00025090744733025414
334,0.20190393571654264,100.0,0.772077147345925,70.03484320557492,0.6003733244091791,77.87456445993031,0.00024818839918211915
335,0.20196258679084247,100.0,0.7770502077162473,69.68641114982579,0.6091690327232308,76.13240418118467,0.00024547929212481387
336,0.20203961655237948,100.0,0.780520351090913,71.25435540069687,0.6066316677718212,76.30662020905923,0.00024278023310924626
337,0.20224523471622932,100.0,0.7681337896124412,71.77700348432056,0.6010012853020991,76.30662020905923,0.00024009132868964492
338,0.20193526273405096,100.0,0.7844265298560936,71.602787456446,0.6053392949419986,78.04878048780488,0.00023741268501935162
339,0.2021302518009724,100.0,0.7850160440916799,72.12543554006969,0.6009595277832775,77.17770034843205,0.00023474440784663263
340,0.20186458938213175,100.0,0.7838915910454992,71.42857142857143,0.6103619474151823,77.87456445993031,0.00023208660251050134
341,0.20212510846010068,100.0,0.7866817708630179,71.602787456446,0.6043472410494443,77.35191637630662,0.00022943937393656168
342,0.20199691408187254,100.0,0.781271352169821,71.77700348432056,0.6040420318314422,77.00348432055749,0.00022680282663286507
343,0.20218066341577923,100.0,0.7870876799477102,70.03484320557492,0.6102864692435447,76.65505226480836,0.0002241770646857845
344,0.20211522826334324,100.0,0.7844489335183067,70.38327526132404,0.6002103113131241,77.70034843205575,0.00022156219175590558
345,0.20191467452132328,100.0,0.7710580088535668,70.73170731707317,0.5998922166924028,77.35191637630662,0.00021895831107393427
346,0.20191086776788225,100.0,0.7648789926273066,70.73170731707317,0.602549653435418,77.35191637630662,0.00021636552543662148
347,0.20199449100768524,100.0,0.7738707719779596,71.42857142857143,0.6007744659530161,77.00348432055749,0.0002137839372027041
348,0.20183996861404657,100.0,0.7741722501944166,70.90592334494774,0.6021986614120962,77.52613240418118,0.00021121364828886592
349,0.20190838046813261,100.0,0.7647195483333973,71.25435540069687,0.6058293792844234,75.9581881533101,0.00020865476016571167
350,0.20188340643349426,100.0,0.7830947238809141,70.90592334494774,0.6028336120399449,75.9581881533101,0.00020610737385376313
351,0.20194566197926989,100.0,0.7697509809653518,70.73170731707317,0.5958347085876332,77.52613240418118,0.00020357158991947004
352,0.20202482515095835,100.0,0.7802429830571085,71.602787456446,0.5888258654896806,78.74564459930313,0.00020104750847124041
353,0.20161784827086152,100.0,0.7797045373335117,71.0801393728223,0.5866426462080421,78.22299651567944,0.00019853522915548727
354,0.2017887227418946,100.0,0.7644835484152471,70.20905923344948,0.6066388722496165,76.65505226480836,0.00019603485115269692
355,0.20210416319062902,100.0,0.7766930203404576,71.0801393728223,0.6031277333402467,77.70034843205575,0.00019354647317351156
356,0.20164973794998609,100.0,0.7756701244709799,71.602787456446,0.6061107389602927,78.04878048780488,0.00019107019345483242
357,0.20177295315971774,100.0,0.7767563815316256,71.42857142857143,0.5914564784810934,77.17770034843205,0.00018860610975594353
358,0.20158922874761376,100.0,0.7730648359770559,71.42857142857143,0.598292008094256,76.13240418118467,0.00018615431935464953
359,0.2017745210526297,100.0,0.7742274131509069,71.602787456446,0.5932319347036009,77.70034843205575,0.0001837149190434375
360,0.20172882760235658,100.0,0.7725690435034057,71.77700348432056,0.597655729549687,76.4808362369338,0.00018128800512565488
361,0.20153936390677396,100.0,0.781199209781474,70.73170731707317,0.6007291344400066,77.17770034843205,0.0001788736734117077
362,0.2014524500025274,100.0,0.7716629193634937,71.25435540069687,0.6027675391489621,75.78397212543554,0.00017647201921527754
363,0.20168236806625273,100.0,0.7783939622420467,70.73170731707317,0.6096706666597506,76.65505226480836,0.0001740831373495603
364,0.20163701915990184,100.0,0.7802496974061175,71.602787456446,0.5970318560400907,77.52613240418118,0.0001717071221235216
365,0.2016059563135021,100.0,0.7783414881403853,71.25435540069687,0.6116379520203594,76.30662020905923,0.00016934406733817376
366,0.20157782229812304,100.0,0.782722604191677,71.42857142857143,0.5991434664676414,76.82926829268293,0.000166994066282874
367,0.2017810125591863,100.0,0.7671889982572416,70.38327526132404,0.6053757316559449,76.30662020905923,0.00016465721173163978
368,0.20155389362926682,100.0,0.765902613513561,70.73170731707317,0.599226457316701,76.82926829268293,0.00016233359593948756
369,0.20150110094389434,100.0,0.7683162086932086,71.25435540069687,0.6016898929865103,77.17770034843205,0.00016002331063879019
370,0.2014534513917119,100.0,0.7724989029588599,70.38327526132404,0.6008676028833156,76.4808362369338,0.0001577264470356556
371,0.2015080067235003,100.0,0.7809735573958021,70.73170731707317,0.5977397841443584,77.35191637630662,0.0001554430958063255
372,0.20142943092754909,100.0,0.7756930589675903,70.03484320557492,0.5904202261868254,76.82926829268293,0.0001531733470935974
373,0.2013321050056597,100.0,0.7666358389090162,70.90592334494774,0.5962671930366277,76.82926829268293,0.00015091729050326357
374,0.20141851985080733,100.0,0.7740383885463356,70.20905923344948,0.6034306078006997,76.82926829268293,0.0001486750151005751
375,0.20146053515452542,100.0,0.7766141721180507,70.20905923344948,0.5957596252188865,76.65505226480836,0.0001464466094067261
376,0.2013490694844349,100.0,0.7751659865163345,71.77700348432056,0.6011575882027789,76.13240418118467,0.00014423216139535715
377,0.20124805627799616,100.0,0.7809573212567107,71.25435540069687,0.6047574200696646,77.00348432055749,0.0001420317584890842
378,0.20124624404757696,100.0,0.7756796462610623,70.55749128919861,0.6016215698644259,76.13240418118467,0.00013984548755604636
379,0.20122171824194413,100.0,0.7770463518980073,71.602787456446,0.6011236256007949,77.35191637630662,0.0001376734349064766
380,0.20141779841653976,100.0,0.7714574631913613,71.25435540069687,0.5928729947020368,77.52613240418118,0.000135515686289294
381,0.20132114590252734,100.0,0.7855033504838312,71.0801393728223,0.6042252118579187,77.00348432055749,0.00013337232688871993
382,0.2014059641946899,100.0,0.7756803812465601,71.77700348432056,0.6013377657750758,77.35191637630662,0.00013124344132091294
383,0.201556190536828,100.0,0.7726159297215398,71.602787456446,0.6061191880744509,76.65505226480836,0.0001291291136306303
384,0.2014591647668998,100.0,0.7754745863455929,71.0801393728223,0.5951895564275336,77.17770034843205,0.0001270294272879088
385,0.2015746764397372,100.0,0.7725457985226701,71.42857142857143,0.5962107086015496,76.82926829268293,0.00012494446518477006
386,0.20127931154148088,100.0,0.7693087788824421,70.90592334494774,0.5976761243069213,77.17770034843205,0.00012287430963194793
387,0.2013977010075639,100.0,0.7689402030735482,71.0801393728223,0.5920385271830011,77.35191637630662,0.00012081904235563893
388,0.2012756006331394,100.0,0.7735653399175052,71.42857142857143,0.5948956731304474,77.17770034843205,0.00011877874449427604
389,0.20145611085958182,100.0,0.7727733098671411,71.25435540069687,0.6027797105420342,76.13240418118467,0.00011675349659532489
390,0.20126896618966025,100.0,0.767837417873356,71.42857142857143,0.589490880949572,77.70034843205575,0.0001147433786121053
391,0.20120515365426134,100.0,0.7650734925519299,70.73170731707317,0.5991601333385561,76.65505226480836,0.00011274846990063301
392,0.20132876449761075,100.0,0.7722654396648606,71.95121951219512,0.5915867248063303,77.17770034843205,0.0001107688492164882
393,0.20120408601461803,100.0,0.7692513625796248,70.73170731707317,0.5949401639479793,77.52613240418118,0.00010880459471170581
394,0.20126568762267508,100.0,0.7648425824966165,70.55749128919861,0.5961544686078194,77.35191637630662,0.00010685578393169056
395,0.20135106914757853,100.0,0.7705752396832776,70.20905923344948,0.5966897176948573,76.65505226480836,0.00010492249381215466
396,0.2011583303117586,100.0,0.7702336296802614,70.55749128919861,0.6002874677604915,76.30662020905923,0.00010300480067608218
397,0.2010337136659888,100.0,0.7666663895085298,70.38327526132404,0.6002614479447076,76.30662020905923,0.00010110278023071442
398,0.20125236468655722,100.0,0.7679289247100777,71.25435540069687,0.5961095451893291,76.82926829268293,9.921650756456149e-05
399,0.20095332153790504,100.0,0.7656335755923068,71.602787456446,0.5985271274420443,77.52613240418118,9.734605714443892e-05
400,0.201203295422348,100.0,0.7669281074809696,71.42857142857143,0.6005244360983579,76.65505226480836,9.549150281252619e-05
401,0.20111893195308458,100.0,0.7707781527931267,71.42857142857143,0.593403527337915,76.82926829268293,9.365291778345289e-05
402,0.20104018803880605,100.0,0.7714682856918628,71.95121951219512,0.5896700275899641,77.35191637630662,9.18303746414079e-05
403,0.20110791511444265,100.0,0.7682543558941486,71.602787456446,0.5906824945157413,77.70034843205575,9.00239453372738e-05
404,0.20102697288948485,100.0,0.7664395506373681,71.602787456446,0.5901162483135582,77.52613240418118,8.823370118578614e-05
405,0.2013235357995648,100.0,0.7668320268704085,71.42857142857143,0.5927255182731442,77.35191637630662,8.645971286271902e-05
406,0.2011010436542358,100.0,0.768364309849224,70.73170731707317,0.5968624156111209,76.65505226480836,8.47020504020936e-05
407,0.20125314562162872,100.0,0.7721671630281189,71.25435540069687,0.605212190009991,76.4808362369338,8.29607831934142e-05
408,0.2011002915869191,100.0,0.767392237842706,71.25435540069687,0.5942123559293847,77.00348432055749,8.123597997892905e-05
409,0.20104900262081665,100.0,0.7712058871465277,71.0801393728223,0.5955925664835275,77.35191637630662,7.952770885091536e-05
410,0.20129691542025643,100.0,0.768968921712882,71.42857142857143,0.5940451526475701,77.17770034843205,7.783603724899233e-05
411,0.20096899023870143,100.0,0.76640101613068,71.42857142857143,0.5934912832356496,76.82926829268293,7.616103195745825e-05
412,0.20101237644924935,100.0,0.7630006743640434,70.90592334494774,0.5935340264117677,77.52613240418118,7.450275910265401e-05
413,0.20106663178483783,100.0,0.7652214894311353,70.73170731707317,0.6029652340486905,76.13240418118467,7.286128415035225e-05
414,0.2012182346931318,100.0,0.7649232178199582,71.0801393728223,0.5983894486045173,75.9581881533101,7.123667190317384e-05
415,0.2010679818196579,100.0,0.7693434230957297,70.90592334494774,0.5938318330236428,77.35191637630662,6.962898649802811e-05
416,0.2010264165102397,100.0,0.7714246168784563,71.25435540069687,0.5914652046426248,78.04878048780488,6.803829140358213e-05
417,0.20102439000423777,100.0,0.7688825863579009,71.25435540069687,0.6001158063835383,76.65505226480836,6.646464941775488e-05
418,0.20094657743849406,100.0,0.7638812048509976,71.25435540069687,0.5893488495192046,77.17770034843205,6.490812266523705e-05
419,0.20101142905730404,100.0,0.7703066300016662,71.42857142857143,0.5927004872298822,77.00348432055749,6.336877259503983e-05
420,0.20106579005095185,100.0,0.7690979815526291,70.90592334494774,0.5947315348150007,75.60975609756098,6.184665997806812e-05
421,0.20096810323020722,100.0,0.765808460189075,70.90592334494774,0.5996904464548889,76.65505226480836,6.034184490472185e-05
422,0.2010697802392448,100.0,0.7698999846853861,71.602787456446,0.5900858044624329,76.30662020905923,5.885438678252322e-05
423,0.20093244610140132,100.0,0.7723865054210304,70.55749128919861,0.5888991598883573,77.00348432055749,5.738434433377235e-05
424,0.20094402497861444,100.0,0.7714089196733481,70.90592334494774,0.5871622876007798,77.35191637630662,5.593177559322768e-05
425,0.2008652932137147,100.0,0.7704969993451747,71.0801393728223,0.5947098513928856,76.65505226480836,5.449673790581603e-05
426,0.20093439991881207,100.0,0.7683420135584442,71.42857142857143,0.6005396209527392,76.13240418118467,5.307928792436804e-05
427,0.20111629138424836,100.0,0.7682245517026257,71.0801393728223,0.5935264962890837,76.82926829268293,5.167948160738199e-05
428,0.20102389187970643,100.0,0.7674410035801266,70.55749128919861,0.5925474432702679,77.52613240418118,5.029737421681439e-05
429,0.20097557250215617,100.0,0.768699466766796,71.25435540069687,0.5967366400496055,77.52613240418118,4.893302031589851e-05
430,0.201063129856196,100.0,0.770241617533388,71.42857142857143,0.5949068601123132,77.52613240418118,4.7586473766990253e-05
431,0.20097796385296546,100.0,0.7705024975102123,70.90592334494774,0.592792780972524,77.35191637630662,4.625778772944144e-05
432,0.20084607871151966,100.0,0.7716611528230461,70.73170731707317,0.5941680970922996,77.17770034843205,4.494701465750211e-05
433,0.20083406956976715,100.0,0.7642718001109797,71.25435540069687,0.5940821744008347,76.82926829268293,4.365420629824856e-05
434,0.20095157057358412,100.0,0.7708607918294049,71.0801393728223,0.5936376628975419,76.82926829268293,4.237941368954117e-05
435,0.2007476308931457,100.0,0.763359177195652,70.90592334494774,0.5891771266684714,77.35191637630662,4.1122687158009364e-05
436,0.2008454581586326,100.0,0.7666329193198307,71.602787456446,0.5951239140606923,76.82926829268293,3.988407631706486e-05
437,0.20091793730283863,100.0,0.7659827703382911,71.602787456446,0.5965680731298201,76.4808362369338,3.866363006494249e-05
438,0.20079841919061614,100.0,0.7642149416411795,71.77700348432056,0.5929469507745749,76.82926829268293,3.746139658277086e-05
439,0.20090411484033804,100.0,0.7645894214251315,71.0801393728223,0.594246241481462,76.65505226480836,3.6277423332669306e-05
440,0.2010206005922178,100.0,0.7640296914436261,70.73170731707317,0.5950014026322846,76.30662020905923,3.511175705587421e-05
441,0.20079137078561018,100.0,0.7669026137229042,71.0801393728223,0.5944788516190824,76.82926829268293,3.396444377089447e-05
442,0.20084651884093932,100.0,0.7640790906101984,71.25435540069687,0.5910708817040048,76.4808362369338,3.283552877169394e-05
443,0.2007173579640505,100.0,0.765306068837435,71.0801393728223,0.5953619970261843,76.82926829268293,3.172505662590381e-05
444,0.20085565574493142,100.0,0.7648484823180408,71.25435540069687,0.5976978095981718,77.17770034843205,3.0633071173062916e-05
445,0.20080149204888825,100.0,0.7678796142235865,70.90592334494774,0.5945824197775811,77.35191637630662,2.955961552288728e-05
446,0.2009390699531143,100.0,0.7707918531387941,71.0801393728223,0.59964249856796,77.35191637630662,2.850473205356769e-05
447,0.2010104282392442,100.0,0.7680513048836578,70.55749128919861,0.5954345404478731,76.65505226480836,2.7468462410097604e-05
448,0.20070190660214174,100.0,0.7661644693866424,71.25435540069687,0.5911528029923655,77.35191637630662,2.645084750262784e-05
449,0.20077898786873768,100.0,0.7642291443688529,71.25435540069687,0.5930701174387117,77.17770034843205,2.5451927504852606e-05
450,0.20072705550476233,100.0,0.767043523256787,70.90592334494774,0.5912365095125258,77.87456445993031,2.4471741852423198e-05
451,0.20082526152972976,100.0,0.7664560025577346,70.90592334494774,0.5981080415772229,76.65505226480836,2.351032924139059e-05
452,0.2008563154458169,100.0,0.7685961494877779,70.90592334494774,0.5941641089808235,77.35191637630662,2.256772762667849e-05
453,0.20090345835851875,100.0,0.7674798575012526,70.73170731707317,0.5954192831125824,77.17770034843205,2.1643974220584693e-05
454,0.20075630248631335,100.0,0.7657758238423577,70.73170731707317,0.5948032765853696,77.35191637630662,2.073910549131205e-05
455,0.2008749430395585,100.0,0.7661777996435398,70.90592334494774,0.5949392918925668,77.00348432055749,1.9853157161528435e-05
456,0.20077057052987793,100.0,0.7656989485959973,71.25435540069687,0.5957631566383282,76.65505226480836,1.898616420695706e-05
457,0.20081427220891163,100.0,0.7687797629459394,71.0801393728223,0.594170331331911,77.87456445993031,1.8138160854995114e-05
458,0.20077613878748557,100.0,0.7652805345814403,70.90592334494774,0.5944445029368384,77.17770034843205,1.730918058336303e-05
459,0.2007783474822493,100.0,0.7636671290580404,71.25435540069687,0.5910298417254192,77.35191637630662,1.6499256118782475e-05
460,0.2008741937759446,100.0,0.7677076730993982,71.0801393728223,0.5941525656171792,76.65505226480836,1.570841943568444e-05
461,0.20075278217784204,100.0,0.7659101401056562,70.73170731707317,0.5968903851426022,76.65505226480836,1.4936701754947081e-05
462,0.20078330775171208,100.0,0.7657160977037941,71.25435540069687,0.5949582459619236,76.65505226480836,1.4184133542662995e-05
463,0.20077280746935136,100.0,0.7647262498061416,71.0801393728223,0.5935035970983605,76.82926829268293,1.3450744508936723e-05
464,0.20062970227273083,100.0,0.7655986518394656,70.90592334494774,0.5952537630908581,77.00348432055749,1.2736563606711365e-05
465,0.20080263980174315,100.0,0.7645341141298673,71.0801393728223,0.594290122960918,76.82926829268293,1.2041619030626323e-05
466,0.20067820129494218,100.0,0.7655879400333045,71.25435540069687,0.5923801884833944,77.00348432055749,1.1365938215903245e-05
467,0.2007976609447692,100.0,0.7662700738641027,70.90592334494774,0.5946952411937382,77.17770034843205,1.0709547837263954e-05
468,0.20075034508514072,100.0,0.7656210191573831,71.25435540069687,0.5954858247411375,76.65505226480836,1.0072473807876557e-05
469,0.20071420047549005,100.0,0.7667842540591436,71.42857142857143,0.5960332794887263,77.17770034843205,9.454741278333e-06
470,0.2007228842180365,100.0,0.7661056792694517,71.25435540069687,0.5955223709033342,76.82926829268293,8.856374635655629e-06
471,0.20076219721953628,100.0,0.7672815721624819,71.0801393728223,0.595540674305959,77.00348432055749,8.277397502335129e-06
472,0.20077965930363859,100.0,0.7657421063047668,71.42857142857143,0.5928822174304869,77.35191637630662,7.717832735397325e-06
473,0.20076133809230884,100.0,0.7655488856993485,70.90592334494774,0.5932156362600027,77.35191637630662,7.177702425500968e-06
474,0.2007598993774075,100.0,0.7658742786699887,70.73170731707317,0.5933828403725442,77.17770034843205,6.657027896065974e-06
475,0.2007916768564995,100.0,0.7664188476805073,70.73170731707317,0.593822261389955,77.17770034843205,6.1558297024311634e-06
476,0.20071882959649953,100.0,0.7663053753899365,70.73170731707317,0.5963453465637845,77.00348432055749,5.674127631043018e-06
477,0.200787674051544,100.0,0.7655981355427864,70.73170731707317,0.595518374899954,77.00348432055749,5.211940698674527e-06
478,0.20078229535539807,100.0,0.7660858680977639,70.90592334494774,0.5955208137060292,77.35191637630662,4.769287151674401e-06
479,0.20085328838135721,100.0,0.7663297871264015,70.90592334494774,0.5953975170331549,77.35191637630662,4.346184465246701e-06
480,0.20083922770795923,100.0,0.7666198110746589,70.90592334494774,0.5948491081958864,77.52613240418118,3.942649342761114e-06
481,0.20080430987404613,100.0,0.7667298493485002,70.90592334494774,0.593741832709894,77.35191637630662,3.558697715093203e-06
482,0.20067417403546775,100.0,0.7655823355352421,70.90592334494774,0.5937521451441669,77.52613240418118,3.1943447399957993e-06
483,0.2006478275363869,100.0,0.765870355770563,70.90592334494774,0.59399085655445,77.52613240418118,2.8496048015005352e-06
484,0.20067650136839638,100.0,0.7657704477941533,70.90592334494774,0.5936803616297786,77.52613240418118,2.5244915093499103e-06
485,0.20083128206613587,100.0,0.765504486884805,71.25435540069687,0.5928353806405948,77.52613240418118,2.2190176984599993e-06
486,0.20075088682282677,100.0,0.7654668998219826,71.25435540069687,0.5931511477726262,77.35191637630662,1.9331954284137454e-06
487,0.20060695287242583,100.0,0.7661178722614195,70.90592334494774,0.5941652518531587,77.52613240418118,1.6670359829850637e-06
488,0.20079345725969985,100.0,0.7661831939677328,70.90592334494774,0.5944631720669178,77.52613240418118,1.4205498696930313e-06
489,0.20054821529870248,100.0,0.7660693081829191,70.90592334494774,0.5943828532504704,77.35191637630662,1.1937468193873854e-06
490,0.2006765261344378,100.0,0.7661800720965821,70.90592334494774,0.5941374675737441,77.35191637630662,9.866357858642194e-07
491,0.20070020662367552,100.0,0.7660160160230842,70.90592334494774,0.5938167513870611,77.35191637630662,7.99224945512488e-07
492,0.2008710578343594,100.0,0.7660009927450572,70.90592334494774,0.5941199541922646,77.35191637630662,6.315216969912655e-07
493,0.20074834884874496,100.0,0.7661004533751086,70.90592334494774,0.5941490516429995,77.35191637630662,4.835326609376461e-07
494,0.2007738318592829,100.0,0.7660083496612123,70.90592334494774,0.5941489540326055,77.35191637630662,3.552636797053972e-07
495,0.20066964782073524,100.0,0.7660128727607195,70.90592334494774,0.5941230432497084,77.35191637630662,2.4671981713419966e-07
496,0.20076889360407918,100.0,0.7659888660035482,70.90592334494774,0.5941525523255511,77.35191637630662,1.5790535835002987e-07
497,0.20066394088367967,100.0,0.7659853352071516,70.90592334494774,0.5941529124456,77.35191637630662,8.882380959551728e-08
498,0.20074633293450916,100.0,0.7660071496764127,70.90592334494774,0.5941668645014746,77.35191637630662,3.947789809194408e-08
499,0.20064200964538892,100.0,0.7660015223333645,70.90592334494774,0.5941701579177006,77.35191637630662,9.869571931442322e-09
